,注文番号,商品名,,,,came people,came people,Just the Wac-chiki-chi,combo A,combo B,combo C,combo D,Remaining People,ticket,,-
FALSE,2,ワッピーセットC,,,,0,0,0,0,0,0,0,0,0,,#NAME?
FALSE,6,ワッピーセットB,,,,,,,,,,,,,,
FALSE,11,ワッピーセットD,,,,,,,,,,,,,,
FALSE,12,ワッピーセットD,,,,,,,,,,,,,,
FALSE,13,ワッピーセットB,,,,,,,,,,,,,,
FALSE,18,ワックチキチー(単品),,,,,,,,,,,,,,
FALSE,20,ワックチキン(単品),,,,,,,,,,,,,,
FALSE,22,ワックチキン(単品),,,,,,,,,,,,,,
FALSE,23,ワッピーセットA,,,,,,,,,,,,,,
FALSE,24,ワッピーセットD,,,,,,,,,,,,,,
FALSE,29,ワッピーセットB,,,,,,,,,,,,,,
FALSE,30,ワッピーセットA,,,,,,,,,,,,,,
FALSE,33,ワッピーセットD,,,,,,,,,,,,,,
FALSE,38,ワックチキン(単品),,,,,,,,,,,,,,
FALSE,55,ワッピーセットB,,,,,,,Total people,Jsut the Wac chiken,Just the Wac-chiki-chi,combo A,combo B,combo C,combo D,Remaining ticket
FALSE,56,ワックチキン(単品),,,,,,Population,85,34,10,11,11,6,16,88
FALSE,56,ワッピーセットC,,,,,,Remaining,85,34,10,11,11,6,16,88
FALSE,56,ワッピーセットD,,,,,,,,,,,,,,
FALSE,60,ワッピーセットB,,,,,,,,,,,,,,
FALSE,68,ワッピーセットD,,,,,,,,,,,,,,
FALSE,80,ワッピーセットB,,,,,,,,,,,,,,
FALSE,81,ワックチキン(単品),,,,,,,,,,,,,,
FALSE,83,ワッピーセットA,,,,,,,,,,,,,,
FALSE,84,ワックチキン(単品),,,,,,,,,,,,,,
FALSE,86,ワックチキン(単品),,,,,,,,,,,,,,
FALSE,87,ワックチキチー(単品),,,,,,,,,,,,,,
FALSE,88,ワックチキン(単品),,,,,,,,,,,,,,
FALSE,89,ワッピーセットC,,,,,,,,,,,,,,
FALSE,90,ワッピーセットD,,,,,,,,,,,,,,
FALSE,91,ワックチキン(単品),,,,,,,,,,,,,,
FALSE,96,ワックチキチー(単品),,,,,,,,,,,,,,
FALSE,98,ワックチキン(単品),,,,,,,,,,,,,,
FALSE,102,ワックチキチー(単品),,,,,,,,,,,,,,
FALSE,103,ワッピーセットC,,,,,,,,,,,,,,
FALSE,107,ワッピーセットD,,,,,,,,,,,,,,
FALSE,113,ワックチキン(単品),,,,,,,,,,,,,,
FALSE,114,ワックチキチー(単品),,,,,,,,,,,,,,
FALSE,115,ワックチキン(単品),,,,,,,,,,,,,,
FALSE,117,ワックチキン(単品),,,,,,,,,,,,,,
FALSE,119,ワックチキン(単品),,,,,,,,,,,,,,
FALSE,121,ワックチキン(単品),,,,,,,,,,,,,,
FALSE,123,ワックチキン(単品),,,,,,,,,,,,,,
FALSE,125,ワッピーセットD,,,,,,,,,,,,,,
FALSE,134,ワックチキチー(単品),,,,,,,,,,,,,,
FALSE,136,ワックチキン(単品),,,,,,,,,,,,,,
FALSE,138,ワッピーセットD,,,,,,,,,,,,,,
FALSE,143,ワックチキン(単品),,,,,,,,,,,,,,
FALSE,144,ワックチキン(単品),,,,,,,,,,,,,,
FALSE,148,ワッピーセットC,,,,,,,,,,,,,,
FALSE,152,ワッピーセットD,,,,,,,,,,,,,,
FALSE,156,ワックチキン(単品),,,,,,,,,,,,,,
FALSE,157,ワックチキン(単品),,,,,,,,,,,,,,
FALSE,171,ワックチキン(単品),,,,,,,,,,,,,,
FALSE,172,ワックチキチー(単品),,,,,,,,,,,,,,
FALSE,173,ワックチキチー(単品),,,,,,,,,,,,,,
FALSE,180,ワッピーセットD,,,,,,,,,,,,,,
FALSE,183,ワックチキン(単品),,,,,,,,,,,,,,
FALSE,186,ワッピーセットA,,,,,,,,,,,,,,
FALSE,187,ワッピーセットD,,,,,,,,,,,,,,
FALSE,189,ワッピーセットA,,,,,,,,,,,,,,
FALSE,190,ワックチキチー(単品),,,,,,,,,,,,,,
FALSE,192,ワックチキン(単品),,,,,,,,,,,,,,
FALSE,194,ワッピーセットB,,,,,,,,,,,,,,
FALSE,195,ワッピーセットB,,,,,,,,,,,,,,
FALSE,199,ワッピーセットB,,,,,,,,,,,,,,
FALSE,200,ワッピーセットA,,,,,,,,,,,,,,
FALSE,202,ワックチキン(単品),,,,,,,,,,,,,,
FALSE,203,ワックチキン(単品),,,,,,,,,,,,,,
FALSE,204,ワッピーセットC,,,,,,,,,,,,,,
FALSE,205,ワッピーセットA,,,,,,,,,,,,,,
FALSE,206,ワッピーセットB,,,,,,,,,,,,,,
FALSE,207,ワックチキチー(単品),,,,,,,,,,,,,,
FALSE,208,ワックチキン(単品),,,,,,,,,,,,,,
FALSE,209,ワックチキン(単品),,,,,,,,,,,,,,
FALSE,210,ワックチキン(単品),,,,,,,,,,,,,,
FALSE,211,ワックチキン(単品),,,,,,,,,,,,,,
FALSE,213,ワッピーセットD,,,,,,,,,,,,,,
FALSE,215,ワックチキン(単品),,,,,,,,,,,,,,
FALSE,217,ワックチキン(単品),,,,,,,,,,,,,,
FALSE,219,ワックチキン(単品),,,,,,,,,,,,,,
FALSE,219,ワッピーセットD,,,,,,,,,,,,,,
FALSE,220,ワッピーセットA,,,,,,,,,,,,,,
FALSE,221,ワッピーセットA,,,,,,,,,,,,,,
FALSE,223,ワッピーセットA,,,,,,,,,,,,,,
FALSE,227,ワックチキン(単品),,,,,,,,,,,,,,
FALSE,228,ワッピーセットA,,,,,,,,,,,,,,
FALSE,229,ワッピーセットB,,,,,,,,,,,,,,
FALSE,231,ワッピーセットD,,,,,,,,,,,,,,